ID,IP vs SHE / V,EA vs SHE / V,Excitation Energy / eV
000000000000_lowest-conformer,0.026111999999999636,-1.7017200000000003,1.9871999999999996
