ID,IP vs SHE / V,EA vs SHE / V,Excitation Energy / eV
111111111111_lowest-conformer,0.9658639999999994,-2.3728800000000003,3.48745
