ID,IP vs SHE / V,EA vs SHE / V,Excitation Energy / eV
000000000000_lowest-conformer,1.3062479999999996,-1.5632040000000003,3.0293
