ID,IP vs SHE / V,EA vs SHE / V,Excitation Energy / eV
111111111111_lowest-conformer,0.011503999999999293,-1.7110440000000002,1.97785
