ID,IP vs SHE / V,EA vs SHE / V,Excitation Energy / eV
000000000000_lowest-conformer,1.3043119999999992,-1.5652200000000003,3.02675
